domaine,themes
vouzemoi.net,adn|FIV|genes|chretien|brevets|embryon|clonage|telethon|vache_folle|avortement|bioethique|souches
chiennesdegarde.org,adn|eugenisme|genome|FIV|genes|chretien|brevets|embryon|clonage|ogm|transgenetique|telethon|vache_folle|avortement|bioethique|souches
ladepeche.com,adn|eugenisme|genome|FIV|genes|chretien|brevets|embryon|clonage|ogm|bayer|transgenetique|telethon|vache_folle|avortement|bioethique|souches
levillage.org,adn|genes|chretien|brevets|embryon|clonage|vache_folle|avortement|souches
chevenement2002.com,adn|eugenisme|genome|FIV|genes|chretien|brevets|embryon|clonage|bayer|transgenetique|telethon|vache_folle|avortement|bioethique|souches
pcf.fr,adn|eugenisme|genome|FIV|genes|chretien|brevets|embryon|clonage|ogm|bayer|transgenetique|telethon|vache_folle|avortement|bioethique|souches
topchretien.com,adn|eugenisme|genome|FIV|genes|chretien|brevets|embryon|clonage|ogm|bayer|transgenetique|telethon|vache_folle|avortement|bioethique|souches
generation-ecologie.com,adn|eugenisme|genome|FIV|genes|chretien|brevets|embryon|clonage|ogm|bayer|transgenetique|vache_folle|avortement|bioethique|souches
teaser.fr,adn|genome|FIV|genes|chretien|brevets|embryon|clonage|ogm|bayer|transgenetique|avortement|bioethique|souches
senat.fr,adn|eugenisme|genome|FIV|genes|chretien|brevets|embryon|clonage|ogm|bayer|transgenetique|telethon|vache_folle|avortement|bioethique|souches
derstandard.at,adn|genome|FIV|genes|chretien|embryon|clonage|bayer|transgenetique
presidentielles.net,adn|eugenisme|FIV|genes|chretien|brevets|embryon|clonage|telethon|vache_folle|avortement|bioethique|souches
assemblee-nationale.fr,adn|eugenisme|genome|FIV|genes|chretien|brevets|embryon|clonage|ogm|bayer|transgenetique|telethon|vache_folle|avortement|bioethique|souches
france-sites.com,adn|genome|FIV|genes|chretien|brevets|clonage|telethon|vache_folle|souches
mei-fr.org,adn|genome|FIV|genes|chretien|brevets|embryon|clonage|ogm|bayer|transgenetique|vache_folle|avortement|souches
samizdat.net,adn|eugenisme|genome|FIV|genes|chretien|brevets|embryon|clonage|ogm|transgenetique|telethon|vache_folle|avortement|bioethique|souches
mhr-viandes.com,adn|genome|FIV|genes|chretien|brevets|embryon|clonage|ogm|bayer|transgenetique|vache_folle|avortement|souches
lcr-rouge.org,adn|eugenisme|genome|FIV|genes|chretien|brevets|embryon|clonage|ogm|bayer|transgenetique|telethon|vache_folle|avortement|bioethique|souches
journaldunet.com,adn|genome|FIV|genes|chretien|brevets|embryon|clonage|bayer|transgenetique|telethon|vache_folle|avortement|bioethique
largeur.com,adn|eugenisme|genome|FIV|genes|chretien|brevets|embryon|clonage|ogm|bayer|transgenetique|vache_folle|avortement|bioethique|souches
eu.org,adn|eugenisme|genome|FIV|genes|chretien|brevets|embryon|clonage|transgenetique|vache_folle|avortement|bioethique|souches
les-verts.org,adn|eugenisme|genome|FIV|genes|chretien|brevets|embryon|clonage|ogm|bayer|transgenetique|vache_folle|avortement|bioethique|souches
fluctuat.net,adn|eugenisme|genome|FIV|genes|chretien|brevets|embryon|clonage|ogm|bayer|transgenetique|telethon|vache_folle|avortement|bioethique|souches
wanadoo.fr,adn|eugenisme|genome|FIV|genes|chretien|brevets|embryon|clonage|ogm|bayer|transgenetique|telethon|vache_folle|avortement|bioethique|souches
actupp.org,adn|eugenisme|genome|FIV|genes|chretien|brevets|bayer|transgenetique|vache_folle|avortement|souches
chevenement.net,adn|eugenisme|genome|FIV|genes|chretien|brevets|embryon|clonage|bayer|vache_folle|avortement|bioethique|souches
chiracaveclafrance.net,adn|eugenisme|genome|FIV|genes|chretien|brevets|clonage|transgenetique|telethon|vache_folle|avortement|bioethique|souches
academie-sciences.fr,adn|genome|FIV|genes|chretien|brevets|embryon|clonage|transgenetique|telethon|vache_folle|avortement|bioethique|souches
lycos.fr,adn|eugenisme|genome|FIV|genes|chretien|brevets|embryon|clonage|ogm|bayer|transgenetique|telethon|vache_folle|avortement|bioethique|souches
free.fr,adn|eugenisme|genome|FIV|genes|chretien|brevets|embryon|clonage|ogm|bayer|transgenetique|telethon|vache_folle|avortement|bioethique|souches
mauvaisgenres.com,adn|eugenisme|genome|FIV|genes|chretien|brevets|embryon|clonage|transgenetique|telethon|vache_folle|avortement|bioethique|souches
turigoloukoi.com,adn|genome|FIV|genes|chretien|clonage|vache_folle|avortement
demlib.com,adn|eugenisme|genome|FIV|genes|chretien|brevets|embryon|clonage|ogm|transgenetique|telethon|vache_folle|avortement|bioethique|souches
gauchestory.com,adn|FIV|genes|chretien|brevets|embryon|clonage|transgenetique|telethon|vache_folle|avortement|souches
raslfront.org,adn|eugenisme|genome|FIV|genes|chretien|brevets|embryon|clonage|ogm|transgenetique|vache_folle|avortement|bioethique|souches
terredescale.net,adn|chretien|embryon|avortement|souches
touscitoyens.org,adn|genes|chretien|brevets|transgenetique|vache_folle
u-m-p.org,adn|eugenisme|genome|FIV|genes|chretien|brevets|clonage|transgenetique|telethon|vache_folle|avortement|souches
infodujour.com,adn|eugenisme|genome|FIV|genes|chretien|brevets|clonage|telethon|vache_folle|avortement|souches
d-l-c.org,adn|eugenisme|FIV|genes|chretien|brevets|embryon|clonage|bayer|transgenetique|telethon|vache_folle|avortement|bioethique|souches
publico.pt,adn|genome|FIV|genes|chretien|brevets|clonage|bayer|vache_folle
temps-reels.net,adn|eugenisme|genome|FIV|genes|chretien|brevets|embryon|clonage|telethon|vache_folle|avortement|souches
tempspublic.com,adn|eugenisme|genes|chretien|embryon|clonage|ogm|bayer|transgenetique|vache_folle|avortement|bioethique
nicematin.fr,adn|FIV|genes|chretien|brevets|embryon|clonage|bayer|telethon|vache_folle|avortement|bioethique|souches
reforme.net,adn|eugenisme|genome|FIV|genes|chretien|brevets|embryon|clonage|transgenetique|vache_folle|avortement|bioethique|souches
c6r-fr.org,adn|genome|genes|chretien|brevets|embryon|clonage|telethon|vache_folle
laicite-republique.org,adn|genome|FIV|genes|chretien|brevets|embryon|clonage|vache_folle|avortement|bioethique|souches
ouvaton.org,adn|eugenisme|genome|FIV|genes|chretien|brevets|embryon|clonage|ogm|transgenetique|vache_folle|avortement|bioethique|souches
premier-ministre.gouv.fr,adn|eugenisme|genome|FIV|genes|chretien|brevets|embryon|clonage|ogm|transgenetique|telethon|vache_folle|avortement|bioethique|souches
front-national.com,adn|genome|FIV|genes|chretien|brevets|embryon|clonage|ogm|transgenetique|vache_folle|avortement|bioethique|souches
christineboutin2002.com,adn|eugenisme|genome|FIV|genes|chretien|brevets|embryon|clonage|avortement|bioethique|souches
citegay.fr,adn|eugenisme|genome|FIV|genes|chretien|brevets|embryon|clonage|transgenetique|telethon|vache_folle|avortement|bioethique|souches
lesverts-lorraine.org,adn|FIV|genes|chretien|brevets|embryon|clonage|ogm|transgenetique|vache_folle|avortement|bioethique|souches
mrap.asso.fr,adn|genome|FIV|genes|chretien|brevets|avortement|bioethique|souches
online.fr,adn|eugenisme|genome|FIV|genes|chretien|brevets|embryon|clonage|bayer|transgenetique|telethon|vache_folle|avortement|bioethique|souches
parti-du-plaisir.com,adn|genes|ogm
csa.fr,adn|genome|FIV|genes|chretien|brevets|embryon|clonage|vache_folle|avortement|souches
liberation.fr,adn|FIV|genes|chretien|brevets|embryon|clonage|ogm|bayer|transgenetique|vache_folle|avortement|bioethique|souches
routard.com,adn|FIV|genes|chretien|brevets|embryon|clonage|transgenetique|vache_folle|avortement|souches
uzine.net,adn|eugenisme|genome|FIV|genes|chretien|brevets|embryon|clonage|ogm|bayer|transgenetique|telethon|vache_folle|avortement|bioethique|souches
cidem.org,adn|eugenisme|FIV|genes|chretien|brevets|embryon|clonage|ogm|transgenetique|vache_folle|avortement|bioethique|souches
ctanet.fr,adn|genes|brevets|embryon|ogm|bayer|transgenetique|vache_folle|souches
radikalweb.com,adn|genes|chretien|brevets|clonage|vache_folle|souches
unite-radicale.com,adn|eugenisme|FIV|genes|chretien|brevets|embryon|clonage|transgenetique|telethon|vache_folle|avortement|bioethique|souches
france2.fr,adn|eugenisme|FIV|genes|chretien|brevets|embryon|clonage|telethon|vache_folle|avortement|bioethique|souches
club-internet.fr,adn|FIV|genes|chretien|brevets|embryon|vache_folle|souches
ifrance.com,adn|FIV|genes|chretien|brevets|embryon|clonage|vache_folle|avortement|souches
boycottyes.com,adn|FIV|genes|chretien|brevets|embryon|clonage|ogm|vache_folle|avortement|bioethique|souches
democratie-continue.org,adn|eugenisme|genes|chretien|embryon|clonage|vache_folle|avortement|bioethique
elysee.fr,adn|eugenisme|genome|FIV|genes|chretien|brevets|embryon|clonage|ogm|telethon|vache_folle|bioethique|souches
gldf.org,adn|genes|chretien|brevets|embryon|clonage
hoaxbuster.com,adn|genes
leparisien.com,adn|FIV|genes|chretien|embryon|clonage|vache_folle|avortement
sos-racaille.org,adn|genes|chretien|brevets|clonage|vache_folle|souches
tiscali.fr,adn|FIV|genes|chretien|embryon|transgenetique|telethon|vache_folle|avortement
trdd.org,adn|eugenisme|genome|FIV|genes|chretien|brevets|embryon|clonage|transgenetique|vache_folle|avortement|bioethique|souches
approches-croisees.net,adn|eugenisme|FIV|genes|chretien|brevets|embryon|clonage|telethon|vache_folle|avortement|bioethique|souches
joueb.com,adn|genome|FIV|genes|chretien|brevets|clonage|vache_folle|souches
0plus0.com,adn|FIV|genes|chretien|brevets|embryon|clonage|vache_folle
25lignes.org,adn|FIV|clonage|vache_folle|souches
issy.com,adn|FIV|chretien|brevets|clonage|vache_folle|avortement|bioethique|souches
lemonde.fr,adn|eugenisme|genome|FIV|genes|chretien|brevets|embryon|clonage|ogm|transgenetique|vache_folle|avortement|bioethique|souches
lentreprise.com,adn|FIV|genes|chretien|brevets|embryon|clonage|vache_folle|avortement
yahoo.com,adn|brevets|telethon|vache_folle|avortement
chiracvsjospin.com,eugenisme|genes|chretien|vache_folle|avortement|souches
mpf-villiers.org,eugenisme|genome|FIV|genes|chretien|brevets|embryon|clonage|vache_folle|avortement|bioethique|souches
udf.org,eugenisme|genome|FIV|genes|chretien|brevets|embryon|clonage|ogm|vache_folle|avortement|bioethique|souches
m-n-r.com,eugenisme|genome|FIV|genes|chretien|brevets|embryon|clonage|transgenetique|vache_folle|avortement|souches
bruno-megret.com,eugenisme|FIV|chretien|brevets|embryon|transgenetique|vache_folle|avortement|souches
rpr.asso.fr,eugenisme|genome|FIV|genes|chretien|brevets|embryon|clonage|transgenetique|vache_folle|avortement|bioethique
jean-francoismattei.com,eugenisme|genome|FIV|genes|brevets|embryon|clonage|vache_folle|avortement|bioethique|souches
bayrou.net,eugenisme|genes|chretien|brevets|embryon|clonage|ogm|vache_folle|avortement|bioethique|souches
mdc-france.org,eugenisme|genome|FIV|genes|brevets|embryon|clonage|vache_folle|avortement|bioethique|souches
lapolitique.com,eugenisme|genome|FIV|genes|chretien|brevets|embryon|clonage|bayer|vache_folle|avortement|bioethique|souches
ornitho.org,eugenisme|genes|chretien|brevets|clonage|vache_folle|avortement|souches
lafrancehumaine.net,eugenisme|genes|chretien|brevets|embryon|vache_folle|avortement|bioethique|souches
cef.fr,eugenisme|genome|FIV|genes|chretien|brevets|embryon|clonage|ogm|telethon|vache_folle|avortement|bioethique|souches
prochoix.org,eugenisme|FIV|genes|chretien|brevets|embryon|clonage|bayer|transgenetique|vache_folle|avortement|bioethique|souches
voila.fr,eugenisme|FIV|genes|chretien|brevets|embryon|clonage|transgenetique|vache_folle|avortement|bioethique|souches
tf1.fr,eugenisme|genes|chretien|brevets|embryon|transgenetique|vache_folle|avortement|bioethique|souches
ac-rouen.fr,eugenisme|genes|chretien|clonage|vache_folle|avortement|bioethique|souches
latribune.fr,eugenisme|FIV|genes|chretien|brevets|embryon|clonage|ogm|transgenetique|telethon|vache_folle|avortement|bioethique
plagnol.org,eugenisme|genome|FIV|genes|brevets|embryon|clonage|bioethique
amaurynardone.net,eugenisme|FIV|chretien|embryon
libres.org,eugenisme|FIV|genes|chretien|brevets|embryon|clonage|ogm|transgenetique|vache_folle|avortement|bioethique
sitelibre.com,eugenisme|chretien|vache_folle|avortement
cgt.fr,eugenisme|genome|genes|brevets|embryon|bayer|telethon|vache_folle|avortement|bioethique
chez.com,eugenisme|FIV|genes|chretien|brevets|embryon|clonage|transgenetique|vache_folle|avortement|bioethique|souches
geocities.com,eugenisme|genes|chretien|brevets|embryon|clonage|transgenetique|vache_folle|avortement|souches
rajf.org,eugenisme|genome|FIV|genes|chretien|brevets|embryon|clonage|ogm|bayer|vache_folle|avortement|bioethique|souches
lexpress.fr,eugenisme|genome|FIV|genes|chretien|brevets|vache_folle|avortement|bioethique
fmd.asso.fr,eugenisme|vache_folle
lepoint.fr,eugenisme|chretien|vache_folle|avortement|bioethique
national-hebdo.com,eugenisme|FIV|genes|chretien|brevets|embryon|clonage|ogm|transgenetique|vache_folle|avortement|bioethique|souches
oxymore.com,eugenisme|FIV|genes|chretien|clonage|vache_folle|avortement|souches
professionpolitique.com,eugenisme|genome|FIV|genes|chretien|brevets|embryon|clonage|transgenetique|telethon|vache_folle|avortement|bioethique|souches
roger-mei.org,eugenisme|genome|FIV|genes|chretien|brevets|embryon|clonage|transgenetique|vache_folle|bioethique|souches
scrutins.net,eugenisme|genome|FIV|genes|chretien|brevets|embryon|clonage|vache_folle|avortement|bioethique
lioneljospin.net,genome|genes|chretien|brevets|embryon|telethon|vache_folle|avortement|bioethique|souches
spiegel.de,genome|FIV|genes|embryon|bayer
independent.co.uk,genome|genes|embryon|clonage|bayer|transgenetique|vache_folle
auxurnescitoyens.com,genome|chretien|telethon
roberthue2002.net,genome|FIV|genes|chretien|brevets|embryon|clonage|telethon|vache_folle|avortement|bioethique|souches
corriere.it,genome|FIV|genes|chretien|brevets|clonage|bayer|transgenetique|vache_folle
parti-socialiste.fr,genome|FIV|genes|chretien|brevets|embryon|clonage|transgenetique|telethon|vache_folle|avortement|bioethique|souches
corinne-lepage.com,genome|genes|chretien|brevets|embryon|clonage|ogm|transgenetique|vache_folle|avortement|bioethique|souches
skynet.be,genome|FIV|genes|chretien|brevets|clonage|transgenetique|vache_folle|avortement|bioethique|souches
olivierbesancenot.org,genome|genes|chretien|brevets|clonage|ogm|transgenetique|vache_folle|avortement|souches
sueddeutsche.de,genome|genes|embryon|bayer|vache_folle
nouvelledonne.net,genome|genes|chretien|brevets|embryon|vache_folle|avortement
planeteradicale.org,genome|FIV|genes|chretien|brevets|embryon|clonage|transgenetique|vache_folle|avortement|bioethique|souches
2002enseignement-recherche.net,genome|genes|brevets|telethon|vache_folle|bioethique
christianetaubira.org,genome|FIV|genes|chretien|brevets|embryon|clonage|transgenetique|vache_folle|avortement|bioethique|souches
aschieri.net,genome|FIV|genes|chretien|brevets|embryon|clonage|ogm|transgenetique|vache_folle|avortement|bioethique|souches
expression-publique.com,genome|brevets|embryon|clonage|bioethique
sclerose-en-plaques.com.fr,genome|FIV|genes|brevets|clonage|telethon|vache_folle
herve-morin.net,genome|genes|brevets|clonage|vache_folle|avortement
nrc.nl,genome
alternatifs.org,genome|FIV|genes|chretien|brevets|clonage|transgenetique|vache_folle|avortement|souches
hellier2002.com,genome|FIV|genes|brevets|embryon|clonage|ogm|vache_folle|bioethique|souches
nzz.ch,genome|vache_folle
laurent-dominati.net,genome|FIV|genes|chretien|brevets|embryon|ogm|telethon|vache_folle|bioethique
lemulot.com,genome|FIV|genes|chretien|brevets|embryon|clonage|transgenetique|telethon|vache_folle|avortement|bioethique|souches
ps-paris15mitterrand.org,genome|genes|chretien|brevets|embryon|clonage|vache_folle|avortement|bioethique
ajc.net,genome|FIV|genes|chretien|brevets|embryon|clonage|transgenetique|telethon|vache_folle|avortement|bioethique|souches
andre-gerin-depute.net,genome|FIV|genes|brevets|embryon|clonage|bayer|vache_folle|bioethique|souches
davidlorion.net,genome|genes|chretien|clonage
fromion.org,genome|FIV|genes|clonage|vache_folle|souches
prg-2b.org,genome|chretien|brevets|embryon|telethon|vache_folle
emmanuelle-prouet.org,genome|FIV|genes|brevets|embryon|clonage|vache_folle|bioethique|souches
2002pourlafrance.net,genome|genes|chretien|brevets|clonage|transgenetique|telethon|vache_folle|avortement|bioethique|souches
ambafrance-il.org,genome|genes|chretien|brevets|embryon|clonage|ogm|bayer|vache_folle|avortement|souches
bilanchirac.net,genome|FIV|genes|chretien|brevets|embryon|transgenetique|vache_folle|avortement|souches
pcf-rhone.net,genome|FIV|genes|chretien|brevets|embryon|clonage|ogm|vache_folle|avortement
ps-nord.org,genome|brevets|vache_folle|bioethique
voxlatina.com,genome|FIV|genes|chretien|brevets|embryon|clonage|ogm|transgenetique|vache_folle|avortement|souches
welt.de,genome
daniel-lebigot.net,genome|brevets
e1789.com,FIV|genes|chretien|brevets|embryon|clonage|telethon|vache_folle|avortement|bioethique|souches
voixdujura.fr,FIV|genes|chretien|brevets|embryon|clonage|transgenetique|telethon|vache_folle|avortement|souches
ipsos.fr,FIV|genes|chretien|brevets|clonage|ogm|vache_folle|avortement
place-publique.fr,FIV|genes|chretien|brevets|embryon|clonage|transgenetique|telethon|vache_folle|avortement|souches
interieur.gouv.fr,FIV|genes|chretien|brevets|bayer|vache_folle
infoceane.com,FIV|genes|chretien|brevets|vache_folle
politique-opinion.com,FIV|vache_folle
net-campagne.net,FIV|genes|chretien|brevets|embryon|clonage|vache_folle|avortement|souches
service-public.fr,FIV|genes|brevets|embryon|clonage|vache_folle|bioethique
ternova.com,FIV|chretien
libanvision.com,FIV|chretien|brevets|vache_folle|avortement|bioethique
oumma.com,FIV|genes|chretien|brevets|embryon|clonage|vache_folle|avortement|bioethique|souches
lavoixdunord.fr,FIV|genes|chretien|brevets|embryon|clonage|transgenetique|vache_folle|avortement|bioethique|souches
patrickbloche.org,FIV|chretien|embryon|souches
cnip.asso.fr,FIV
gayaube.com,FIV|genes|chretien|brevets|clonage|vache_folle|bioethique
lejsl.com,FIV|chretien
abc-politique.com,FIV|chretien|brevets|embryon|vache_folle|avortement|bioethique
lesmauves.org,FIV|chretien|clonage|vache_folle|avortement|bioethique
bilanjospin.com,FIV|chretien|brevets|transgenetique|vache_folle|avortement
francaix-michel.nom.fr,FIV|genes|chretien|embryon|clonage|telethon|vache_folle|bioethique
pslegislativeneuillyputeaux.com,FIV|brevets|vache_folle
tetu.com,FIV|genes|chretien|brevets|clonage|bayer|transgenetique|vache_folle|avortement|souches
versdemain.com,FIV|chretien|clonage|vache_folle|avortement
lautre.net,FIV|genes|brevets|transgenetique|vache_folle|avortement
clicanoo.com,FIV|genes|chretien|brevets|embryon|clonage|vache_folle|avortement|souches
81.80.37.164,FIV
citoyen95.org,FIV|genes|transgenetique
fcpe.asso.fr,FIV|genes|chretien|brevets|telethon|vache_folle
fnmr.asso.fr,FIV|genes|chretien|vache_folle
jpblazy-depute.org,FIV|genes|chretien|brevets|vache_folle|souches
mathieu-obadia.info,FIV|genes|chretien|brevets|embryon|clonage|avortement|bioethique
qrd.org,FIV|genes|chretien|brevets|embryon|transgenetique|vache_folle|avortement
leparisien.fr,FIV|chretien|embryon|clonage|telethon|vache_folle|avortement|souches
aricia.fr,FIV|genes|brevets|vache_folle
courrier-picard.fr,FIV|genes|chretien|brevets
isabelle-galesne.net,FIV|genes|brevets|clonage|bioethique
isabelledehouck.com,FIV|genes|embryon|clonage|bioethique|souches
lesbeursavecchirac.com,FIV|genes|chretien
lesbleus-gemarseille.com,FIV|genes|brevets|clonage|bioethique
mnr-sartrouville.com,FIV|souches
agitateur.org,FIV|genes|chretien|brevets|clonage|transgenetique|vache_folle
aol.fr,FIV|chretien|brevets|vache_folle
bienpublic.com,FIV|vache_folle
bizland.com,FIV|genes|chretien|clonage|souches
cahiers-pedagogiques.com,FIV|genes|chretien|brevets|embryon|clonage|vache_folle|avortement|bioethique|souches
caullet.net,FIV|genes|brevets|embryon|clonage|vache_folle|avortement|bioethique|souches
conscience-politique.org,FIV|vache_folle|souches
lesechos.fr,FIV|genes|chretien|brevets|clonage|vache_folle|avortement|bioethique
lexpress.presse.fr,FIV|genes|chretien|vache_folle|souches
lutte-ouvriere-centre.org,FIV|vache_folle
lutte-ouvriere.org,FIV|genes|chretien|brevets|ogm|bayer|telethon|vache_folle
perben.com,FIV
tony-dreyfus.org,FIV|genes|clonage|bioethique
uni.asso.fr,FIV|brevets|vache_folle|avortement|bioethique
homme-moderne.org,FIV|genes|chretien|embryon|vache_folle|souches
cplus.fr,FIV
dualpha.com,FIV|chretien|clonage|vache_folle|souches
figaro.net,FIV|genes|chretien|brevets|embryon|clonage|vache_folle|avortement|bioethique
francetv.fr,FIV|genes|chretien|brevets|clonage|bayer|transgenetique|telethon|vache_folle|avortement|bioethique
gay.com,FIV|chretien
globenet.org,FIV|genes|chretien|transgenetique|vache_folle
godfrain.net,FIV|chretien
jean-marc-nesme.com,FIV|genes|clonage|vache_folle|bioethique
legislativesps69.org,FIV|genes|chretien|clonage|vache_folle|bioethique|souches
midilibre.com,FIV|genes|chretien|clonage|vache_folle|avortement|souches
mjwiemert2002.net,FIV|genes|embryon|clonage|vache_folle|bioethique|souches
nonalahaine.net,FIV|genes|chretien|brevets|embryon|clonage|vache_folle|avortement
nouvelobs.com,FIV|genes|chretien|clonage|telethon|vache_folle|avortement|souches
uniondesvictimesdeletat.com,FIV|genes|clonage|transgenetique|vache_folle|avortement|bioethique
verts87.org,FIV|chretien|brevets
lepen.tv,FIV|genes|brevets|vache_folle|avortement
pierre-albertini.com,FIV|clonage|vache_folle|bioethique
scolanet.org,FIV|chretien
puzzletfactory.com,genes|chretien|vache_folle
electionsverts.org,genes|brevets|embryon|clonage|transgenetique|vache_folle|souches
csa-tmo.fr,genes|chretien|embryon|clonage|transgenetique|vache_folle|avortement
avecchirac.com,genes|chretien|telethon|vache_folle|souches
chirac33.org,genes|brevets|vache_folle
forum-citoyen.com,genes|brevets|embryon|vache_folle|bioethique
ps-gironde.org,genes|bioethique
rabhi2002.net,genes|chretien|clonage|vache_folle
lapetition.com,genes|chretien|brevets|embryon|clonage|vache_folle|souches
legraindesable.com,genes|chretien|brevets|clonage|ogm|vache_folle|avortement|souches
lipietz2002.net,genes|chretien|clonage|vache_folle|avortement
miguet2002.com,genes|embryon|vache_folle
jeunes-communistes.org,genes|chretien|brevets|vache_folle|avortement|souches
aliceleroy.org,genes|vache_folle
alainmadelin.com,genes|chretien|brevets|embryon|vache_folle|souches
sitemestre.net,genes|transgenetique|vache_folle|avortement
saintjosse2002.net,genes|transgenetique|vache_folle
bernarddeflesselles.com,genes|brevets|transgenetique|vache_folle
charlescova.com,genes
francois-rochebloine.com,genes|brevets|clonage|vache_folle|avortement|bioethique
politis.fr,genes|chretien|brevets|embryon|vache_folle|souches
renaudmuselier.com,genes|chretien|bioethique
france-elections.net,genes
martinebillard2002.net,genes|brevets|embryon|clonage|ogm|transgenetique|vache_folle|avortement|souches
naturellement-a-gauche.org,genes|brevets|embryon|clonage|ogm|transgenetique|vache_folle|souches
lesfemmesavecchirac.com,genes|vache_folle
195.246.155.17,genes|chretien|vache_folle|avortement|bioethique|souches
internationalism.org,genes|chretien|embryon|vache_folle|avortement|souches
les-verts-du-montargois.org,genes|chretien|clonage|vache_folle
lionnel-luca.org,genes|clonage|bayer|transgenetique|vache_folle|bioethique
e-boyer.org,genes|chretien|brevets|clonage
jeanlouisjoseph.com,genes|chretien|brevets|transgenetique
213.186.36.114,genes|transgenetique|vache_folle|avortement
aris.asso.fr,genes|chretien|transgenetique|vache_folle|avortement
estrosi.com,genes|chretien|brevets|ogm|avortement
laprovence-presse.fr,genes|chretien|transgenetique|vache_folle
lesverts-rennes.org,genes|chretien|transgenetique|vache_folle
marcalbouy.org,genes|vache_folle|bioethique
ovh.org,genes|ogm|transgenetique|vache_folle
aol.com,genes|chretien|transgenetique|vache_folle
annuaire-au-feminin.tm.fr,genes|chretien|brevets|clonage|transgenetique|vache_folle|avortement|bioethique|souches
claude-goasguen.org,genes|chretien
lyon-dubernard.com,genes|chretien|brevets|bioethique
politiquementnet.fr,genes|clonage
leguerinel.com,genes|clonage|bioethique
agnesgc.net,genes|chretien|brevets
anti-rev.org,genes|chretien|vache_folle|avortement|bioethique|souches
axeria.com,genes|clonage|transgenetique|vache_folle|bioethique
claudeliebermann.com,genes
d-paille-udf.org,genes|chretien|brevets|vache_folle
dominique-martin.com,genes|vache_folle|souches
fresh-agency.net,genes|brevets|clonage|vache_folle|bioethique
h-arevalo.org,genes
journaldespresidentielles.com,genes|chretien|brevets|embryon|clonage|vache_folle|avortement|bioethique
laurentfeutry.com,genes|brevets|vache_folle
lutte-ouvriere-midi-pyrenees.org,genes|souches
luttes-etudiantes.com,genes|transgenetique
philippe-folliot.com,genes|chretien
pierre-morange.com,genes
ps65.org,genes
rpf-06.org,genes
stelia.net,genes|chretien|bioethique|souches
libertysurf.fr,genes|souches
mi-2002.com,genes|brevets|clonage|vache_folle
afaa.asso.fr,genes|chretien|clonage|vache_folle|avortement
emmanuel-hamelin.com,genes
emploi-design.com,genes|avortement
fnjeunesse.com,genes|vache_folle|avortement
jacquesberthelot.com,genes
mjs49.org,genes|chretien|brevets|embryon|clonage|ogm|telethon|vache_folle|avortement
planetecologie.org,genes|brevets|transgenetique|vache_folle|avortement
psangers.org,genes|brevets|embryon|clonage|vache_folle|bioethique|souches
rpr21.org,genes|ogm|vache_folle
socialiste-martinique.mq,genes
soubien.net,genes|brevets|embryon|clonage|ogm|transgenetique|vache_folle|souches
syndicat-enseignants.org,genes|brevets
verts-yvelines.org,genes|chretien|transgenetique|avortement
verts.net,genes
vertsbesancon2002.org,genes|brevets|vache_folle
vertsdesevres.net,genes|vache_folle
confederationpaysanne.fr,genes|brevets|vache_folle
francinebavay.net,genes|brevets|embryon|clonage|ogm|transgenetique|vache_folle|souches
gerardborvon.org,genes|vache_folle
centrefrance.com,chretien
cftc.fr,chretien
jeunesavecmadelin.com,chretien|brevets|vache_folle
moutoussamy.com,chretien|avortement
depute-dumoulin.com,chretien|brevets
paris-normandie.fr,chretien
pole-republicain.org,chretien
comparini.net,chretien|clonage|bioethique|souches
force-ouvriere.fr,chretien|brevets|embryon|souches
presidentielles.org,chretien|vache_folle|souches
paris-normandie.com,chretien
amipublic.com,chretien|brevets|embryon|vache_folle|avortement
frederic-esquevin.org,chretien
ifop.com,chretien|clonage|vache_folle
monclocher.com,chretien|brevets
admi.net,chretien|embryon|avortement
sofres.com,chretien|avortement
3revolution.com,chretien
elysee.org,chretien|vache_folle
scorbut.be,chretien|vache_folle|avortement
nordnet.fr,chretien|brevets|clonage|vache_folle
francisdemay.org,chretien
cisonline.org,chretien|brevets|vache_folle
ledroitpublic.com,chretien
udf-aix.org,chretien|brevets|embryon|clonage|vache_folle|avortement
alain-veyret.com,chretien
depute-vuilque.org,chretien|vache_folle
icor.fr,chretien|vache_folle|bioethique
prg30.org,chretien
ps-paris12.org,chretien|embryon|vache_folle|avortement
patricklabrousse.org,chretien|vache_folle
alain-cousin.org,chretien|brevets|vache_folle
amidrac.com,chretien|embryon|clonage|avortement|bioethique
gilbertlebris.net,chretien|vache_folle
lutte-ouvriere-normandie-basse.org,chretien
partipiednoir.org,chretien|vache_folle|souches
puechabon.net,chretien
abf.asso.fr,chretien
andre-santini.net,chretien|brevets
balligand.org,chretien
bareges2002.com,chretien
bretagne.com,chretien|clonage|avortement
catherine-normandin.com,chretien
ccfd.asso.fr,chretien
dassault-oise.com,chretien
jeanclaudethomas.com,chretien|brevets|transgenetique|vache_folle
lcr77.org,chretien
lutte-ouvriere-corse.org,chretien
lutte-ouvriere-pays-de-la-loire.org,chretien|vache_folle
mjsfrance.org,chretien
nexenservices.com,chretien
prg17.org,chretien
prg78.org,chretien|brevets
ps-paris13e.org,chretien
ps44.com,chretien
soutienvoguet.com,chretien
univ-lyon2.fr,chretien
chirac-en-vrac.com,chretien|clonage|vache_folle|bioethique|souches
dna.fr,chretien|vache_folle|souches
humanite.presse.fr,chretien|embryon|avortement
journalechange.com,chretien|embryon|vache_folle|avortement
lutte-ouvriere-normandie-haute.org,chretien|vache_folle
marylisemartins.com,chretien
udf24.org,chretien|vache_folle|souches
ps87.com,chretien|vache_folle
alternance2002.com,brevets|bioethique
brochand.net,brevets|avortement
conseil-constitutionnel.fr,brevets|avortement|souches
jean-claude-bois.com,brevets
axelponiatowski.com,brevets
demourgues.com,brevets
unef.asso.fr,brevets|avortement
danielskowron.org,brevets
2002citoyensnumeriques.net,brevets
davidmartin-depute.org,brevets|vache_folle
maximebono.com,brevets|clonage|vache_folle
brinkster.com,brevets
comby.org,brevets|clonage
gollnisch.com,brevets
herouville.com,brevets|vache_folle
unahfrance.org,brevets|embryon|souches
vnunet.fr,brevets
amf.asso.fr,brevets|vache_folle
jmbockel-depute.com,brevets
paternotte.info,brevets
ps-rueil.asso.fr,brevets
paoletti.nom.fr,brevets
giscarddestaing.com,embryon|vache_folle|avortement|souches
noos.fr,embryon|vache_folle
pauvrete-politique.com,embryon|clonage|vache_folle|bioethique
planning-familial.org,embryon|avortement|bioethique
armes-ufa.org,embryon
lafrancevote.com,embryon
st-pierre-et-miquelon.com,embryon
linternaute.com,embryon|vache_folle
dominique-richard.com,embryon|vache_folle
bva.fr,clonage|bayer|vache_folle
expresso.pt,clonage
leprogres.fr,clonage
pemezec2002.com,clonage|bioethique
80.65.232.113,clonage
commentvoterchirac.com,clonage
pschitt2002.com,clonage
tartrais.com,clonage|vache_folle
dieudo.com,clonage
2002jeunes.org,bayer|vache_folle|avortement
afjkansai.org,bayer
newspress.fr,transgenetique
jutier.net,transgenetique
cglparis.org,transgenetique
michelgregoire-depute.org,transgenetique|vache_folle
lcr54.org,transgenetique
martial-saddier.com,transgenetique|vache_folle|avortement|bioethique
nperruchot.org,transgenetique
angelfire.com,telethon
2002femmes.com,vache_folle|avortement
parti-federaliste.com,vache_folle|bioethique
claudebillard.net,vache_folle
internet2002-2007.org,vache_folle
chiracopoly.com,vache_folle
adami.org,vache_folle
president2002.com,vache_folle
qui-sera-president.com,vache_folle|avortement|bioethique
respublica.fr,vache_folle
bernard-raynaud.com,vache_folle
cochet2002.net,vache_folle
federation-anarchiste.org,vache_folle
chassain2002.net,vache_folle
preel.net,vache_folle
renaud-dutreil.com,vache_folle
jlevain-legislatives.org,vache_folle
michelbouvard.com,vache_folle
blessig2002.org,vache_folle
gaborit-vouette.com,vache_folle
germain-giraud.com,vache_folle
jeandionis.com,vache_folle
pschitt2002.net,vache_folle
gauche-socialiste.com,vache_folle
estelle2002.com,vache_folle|bioethique
fnloire.com,vache_folle
grandmanitou.net,vache_folle|souches
jospin-et-moi.com,vache_folle
lesverts2.org,vache_folle
lexpansion.com,vache_folle
lucile2002.com,vache_folle
lutte-ouvriere-bretagne.org,vache_folle
natalieriollet2002.net,vache_folle
rodolphethomas.net,vache_folle
weblogs.com,vache_folle|avortement
verts-noisy.org,vache_folle
infini.fr,vache_folle
jbpeyronel-lesverts2002.org,avortement
edouardlandrain.net,avortement
fluideglacial.tm.fr,avortement
pierre-cardo.org,avortement
anne-hidalgo.net,avortement
claudereichman.com,bioethique
georges-sarre.net,bioethique
christophecaresche.org,bioethique
radio-france.fr,bioethique
davidalphand.com,bioethique
christineboutin-legislatives.com,bioethique
fzory.com,bioethique
gillesgautronneau.com,bioethique
francois-asensi.com,bioethique
opinion-ind.presse.fr,bioethique
lesverts4.com,souches
lsdb.blogspot.com,souches
cuarcan.com,souches
